'Input','Output','flag','username','timestamp'
'a town','a town in the Moselle Department, in the Grand-Duchy of Baden-Württemberg, Germany.  It is one of seventeen stops on the B14 (Kreuzmühle).
','','','2022-12-10 10:25:26.349654'
'you are late ','you are late !! :)
<Mmike> a si je ovo tko vec
<Ozil> to je ovo ok
<Ozil> nisam kriv u zivote
<Oz','','','2023-04-21 12:14:56.341137'
'','','','','2023-04-23 02:55:08.763807'
'123','','','','2023-04-23 12:20:33.669427'
'Hi','','','','2023-04-23 12:20:41.674250'
'hi','hi=\left(  V_{ib},V_{cb}\right)
=-\frac{3}{5}\kappa^{2}\beta^{2}(\frac{1}{2},\frac{1}{2},1)','','','2023-04-23 12:58:33.035215'
'An adventurer is approached by a mysterious stranger in the tavern for a new quest.
','','','','2023-05-13 22:07:22.831107'
